StateName,DistrictName,count
A AND N ISLANDS,NICOBAR,786
A AND N ISLANDS,NORTH AND MIDDLE ANDAMAN,519
A AND N ISLANDS,SOUTH ANDAMAN,242
ANDHRA PRADESH,KURNOOL,376249
ANDHRA PRADESH,ANANTPUR,187625
ANDHRA PRADESH,PRAKASAM,103675
ANDHRA PRADESH,KRISHNA,100676
ANDHRA PRADESH,NELLORE,91120
ANDHRA PRADESH,GUNTUR,87591
ANDHRA PRADESH,CHITTOOR,76579
ANDHRA PRADESH,Y S R,59617
ANDHRA PRADESH,EAST GODAVARI,54530
ANDHRA PRADESH,WEST GODAVARI,51195
ANDHRA PRADESH,VISAKHAPATNAM,32820
ANDHRA PRADESH,SRIKAKULAM,32152
ANDHRA PRADESH,VIZIANAGARM,27135
ARUNACHAL PRADESH,TAWANG,355
ARUNACHAL PRADESH,LOHIT,258
ARUNACHAL PRADESH,PAPUMPARE,253
ARUNACHAL PRADESH,CHANGLANG,232
ARUNACHAL PRADESH,ANJAW,199
ARUNACHAL PRADESH,WEST SIANG,125
ARUNACHAL PRADESH,LOWER SUBABSIRI,118
ARUNACHAL PRADESH,EAST SIANG,111
ARUNACHAL PRADESH,EAST KAMENG,97
ARUNACHAL PRADESH,LOWER DIBANG VALLEY,95
ARUNACHAL PRADESH,UPPER DIBANG VALLEY,79
ARUNACHAL PRADESH,WEST KAMENG,78
ARUNACHAL PRADESH,TIRAP,54
ARUNACHAL PRADESH,UPPER SIANG,42
ARUNACHAL PRADESH,UPPER SUBANSIRI,40
ARUNACHAL PRADESH,LONGDING,16
ARUNACHAL PRADESH,KURUNG KUMEY,12
ASSAM,KAMRUP,24432
ASSAM,NAGAON,18513
ASSAM,JORHAT,17075
ASSAM,GOLAGHAT,15622
ASSAM,SIVASAGAR,15066
ASSAM,LAKHIMPUR,14899
ASSAM,DIBRUGARH,14700
ASSAM,BARPETA,14152
ASSAM,DARRANG,12981
ASSAM,MARIGOAN,10713
ASSAM,DHEMAJI,10200
ASSAM,DHUBRI,9997
ASSAM,SONITPUR,9644
ASSAM,NALBARI,9506
ASSAM,TINSUKIA,6899
ASSAM,GOALPARA,6214
ASSAM,CACHAR,5778
ASSAM,BAKSA,5687
ASSAM,KARBI-ANGLONG,4706
ASSAM,UDALGURI,4482
ASSAM,BONGAIGAON,4203
ASSAM,KARIMGANJ,3208
ASSAM,KOKRAJHAR,3127
ASSAM,HAILAKANDI,2125
ASSAM,KAMRUP METROPOLITAN,1876
ASSAM,CHIRANG,998
ASSAM,NORTH CACHAR HILLS,216
BIHAR,SAMASTIPUR,141017
BIHAR,PATNA,120398
BIHAR,ROHTAS,108220
BIHAR,MUZAFFARPUR,99343
BIHAR,MADHUBANI,97867
BIHAR,GAYA,93944
BIHAR,ARARIA,90403
BIHAR,PURNEA,88486
BIHAR,VAISHALI,86547
BIHAR,NALANDA,79643
BIHAR,DARBHANGA,75756
BIHAR,SITAMARHI,75437
BIHAR,AURANGABAD,69808
BIHAR,BHAGALPUR,66190
BIHAR,PASHCHIM CHAMPARAN,65910
BIHAR,BANKA,63897
BIHAR,SARAN,63390
BIHAR,BHOJPUR,62846
BIHAR,KATIHAR,58527
BIHAR,KAIMUR,58378
BIHAR,MADHEPURA,57679
BIHAR,BEGUSARAI,57545
BIHAR,SUPAUL,56836
BIHAR,PURBA CHAMPARAN,56041
BIHAR,SAHARSA,50020
BIHAR,BUXAR,42948
BIHAR,SIWAN,42089
BIHAR,GOPALGANJ,38627
BIHAR,NAWADHA,37917
BIHAR,JAMUI,35225
BIHAR,KHAGARIA,33136
BIHAR,JEHANABAD,30616
BIHAR,MUNGER,28989
BIHAR,LAKHISARIA,24436
BIHAR,ARWAL,20275
BIHAR,SHEOHAR,19045
BIHAR,KISHANGANJ,16448
BIHAR,SHEKHPURA,14290
CHHATTISGARH,RAIGARH,48895
CHHATTISGARH,RAJ NANDGAON,48610
CHHATTISGARH,JANJGIR-CHAMPA,39176
CHHATTISGARH,BILASPUR,34010
CHHATTISGARH,MAHASAMUND,33478
CHHATTISGARH,BEMETARA,30356
CHHATTISGARH,DURG,30101
CHHATTISGARH,SURGUJA,26896
CHHATTISGARH,KABEERDHAM,24780
CHHATTISGARH,RAIPUR,24700
CHHATTISGARH,BALODABAZAR,22535
CHHATTISGARH,BALOD,17190
CHHATTISGARH,DHAMTARI,16905
CHHATTISGARH,UTTAR BASTAR KANKER,14830
CHHATTISGARH,SURAJPUR,12748
CHHATTISGARH,BALRAMPUR,12574
CHHATTISGARH,JASHPUR,10833
CHHATTISGARH,KORBA,9810
CHHATTISGARH,MUNGELI,8046
CHHATTISGARH,BASTAR,7689
CHHATTISGARH,GARIYABAND,6897
CHHATTISGARH,KORIYA,6751
CHHATTISGARH,KONDAGAON,5013
CHHATTISGARH,DAKSHIN BASTAR DANTEWADA,999
CHHATTISGARH,BIJAPUR,616
CHHATTISGARH,NARAYANPUR,330
CHHATTISGARH,SUKMA,271
DADRA AND NAGAR HAVELI,DADRA AND NAGAR HAVELI,43
DAMAN AND DIU,DAMAN,318
DAMAN AND DIU,DIU,25
DELHI,NEW DELHI CONNAUGHT PLACE,56702
DELHI,EAST DELHI PREET VIHAR,30486
DELHI,CENTRAL DELHI DARYAGANJ,13158
DELHI,SOUTH WEST DELHI DWARKA,9434
DELHI,NORTH DELHI NARELA,8708
DELHI,SOUTH DELHI SAKET,6856
DELHI,NORTH EAST DELHI SEELAMPUR,5743
DELHI,NORTH WEST DELHI KANJHAWALA,4771
DELHI,WEST DELHI RAJOURI GARDEN,4129
GOA,GOA SOUTH,139
GOA,GOA NORTH,44
GUJARAT,BANAS KANTHA,287114
GUJARAT,JUNAGADH,198619
GUJARAT,JAMNAGAR,180560
GUJARAT,BHAVNAGAR,128603
GUJARAT,SURENDRANAGAR,116971
GUJARAT,SABARKANTHA,101347
GUJARAT,MEHSANA,89437
GUJARAT,RAJKOT,86862
GUJARAT,AMRELI,75047
GUJARAT,KACHCHH,69562
GUJARAT,AHMADABAD,67258
GUJARAT,PATAN,66840
GUJARAT,ANAND,63283
GUJARAT,KHEDA,63261
GUJARAT,PORBANDAR,61326
GUJARAT,GIR SOMNATH,57999
GUJARAT,DEVBHOOMI DWARKA,54768
GUJARAT,VADODARA,54426
GUJARAT,PANCH MAHAL,41090
GUJARAT,GANDHINAGAR,36983
GUJARAT,MORBI,31205
GUJARAT,ARAVALLI,27316
GUJARAT,BHARUCH,25081
GUJARAT,SURAT,20394
GUJARAT,MAHISAGAR,19900
GUJARAT,BOTAD,17155
GUJARAT,DAHOD,16496
GUJARAT,VALSAD,9863
GUJARAT,NAVSARI,8952
GUJARAT,NARMADA,8524
GUJARAT,CHHOTA UDAIPUR,6673
GUJARAT,TAPI,5379
GUJARAT,DANG,1107
HARYANA,HISSAR,416703
HARYANA,BHIWANI,358931
HARYANA,SIRSA,339683
HARYANA,JIND,268864
HARYANA,FATEHABAD,241846
HARYANA,MAHENDRA GARH,167777
HARYANA,JHAJJAR,140153
HARYANA,SONEPAT,137691
HARYANA,REWARI,135123
HARYANA,KARNAL,129403
HARYANA,KAITHAL,127796
HARYANA,YAMUNA NAGAR,118903
HARYANA,KURKSHETRA,105852
HARYANA,ROHTAK,102728
HARYANA,AMBALA,97606
HARYANA,PALWAL,78239
HARYANA,PANIPAT,62843
HARYANA,GURGAON,48630
HARYANA,CHARKI DADRI,38223
HARYANA,MEWAT,37876
HARYANA,FARIDABAD,28945
HARYANA,PANCHKULA,27785
HIMACHAL PRADESH,MANDI,129611
HIMACHAL PRADESH,SHIMLA,116542
HIMACHAL PRADESH,KANGRA,83769
HIMACHAL PRADESH,SIRMAUR,66431
HIMACHAL PRADESH,KULLU,57831
HIMACHAL PRADESH,UNA,55488
HIMACHAL PRADESH,SOLAN,47256
HIMACHAL PRADESH,BILASPUR,31624
HIMACHAL PRADESH,HAMIRPUR,29775
HIMACHAL PRADESH,CHAMBA,20536
HIMACHAL PRADESH,KINNAUR,7765
HIMACHAL PRADESH,LAHUL AND SPITI,4200
JAMMU AND KASHMIR,BADGAM,112146
JAMMU AND KASHMIR,JAMMU,65661
JAMMU AND KASHMIR,PULWAMA,60009
JAMMU AND KASHMIR,BARAMULLA,52173
JAMMU AND KASHMIR,ANANTNAG,50252
JAMMU AND KASHMIR,SHUPIYAN,38197
JAMMU AND KASHMIR,KULGAM,34900
JAMMU AND KASHMIR,KATHUA,22110
JAMMU AND KASHMIR,RAJOURI,16974
JAMMU AND KASHMIR,GANDERBAL,16338
JAMMU AND KASHMIR,KUPWARA,12256
JAMMU AND KASHMIR,PUNCH,11867
JAMMU AND KASHMIR,BANDIPORE,10660
JAMMU AND KASHMIR,RAMBAN,9825
JAMMU AND KASHMIR,UDHAMPUR,8812
JAMMU AND KASHMIR,SAMBA,7803
JAMMU AND KASHMIR,REASI,6107
JAMMU AND KASHMIR,DODA,4923
JAMMU AND KASHMIR,SRINAGAR,4176
JAMMU AND KASHMIR,KISHTWAR,1172
JAMMU AND KASHMIR,KARGIL,214
JAMMU AND KASHMIR,LEH,96
JHARKAND,PALAMU,40466
JHARKAND,DEOGHAR,38494
JHARKAND,GARHWA,32037
JHARKAND,RANCHI,30152
JHARKAND,HAZARIBAGH,26264
JHARKAND,GIRIDIH,24008
JHARKAND,CHATRA,19175
JHARKAND,GODDA,18628
JHARKAND,DUMKA,14320
JHARKAND,DHANBAD,13692
JHARKAND,JAMTARA,13131
JHARKAND,BOKARO,12600
JHARKAND,RAMGARH,9479
JHARKAND,EAST SINGHBHUM,8573
JHARKAND,SERAIKELA,8454
JHARKAND,LOHARDAGA,8276
JHARKAND,SAHIBGANJ,8212
JHARKAND,KODARMA,7361
JHARKAND,LATEHAR,6949
JHARKAND,GUMLA,6740
JHARKAND,PAKUR,5994
JHARKAND,WEST SINGHBHUM,4656
JHARKAND,KHUNTI,2660
JHARKAND,SIMDEGA,1368
KARNATAKA,BIJAPUR,183632
KARNATAKA,BELLARY,170583
KARNATAKA,GULBARGA,169065
KARNATAKA,BELGAUM,130498
KARNATAKA,CHITRADURGA,123615
KARNATAKA,RAICHUR,118287
KARNATAKA,DAVANAGERE,107034
KARNATAKA,TUMKUR,75635
KARNATAKA,BAGALKOT,63096
KARNATAKA,HASSAN,60981
KARNATAKA,BIDAR,53255
KARNATAKA,HAVERI,51366
KARNATAKA,DHARWAD,51068
KARNATAKA,MYSORE,49491
KARNATAKA,SHIMOGA,48677
KARNATAKA,CHIKMAGALUR,46082
KARNATAKA,KOPPAL,39066
KARNATAKA,MANDYA,36096
KARNATAKA,KOLAR,32481
KARNATAKA,CHIKKABALLAPUR,27372
KARNATAKA,BANGALORE RURAL,27294
KARNATAKA,BANGALORE,27246
KARNATAKA,YADAGIRI,25483
KARNATAKA,GADAG,25335
KARNATAKA,CHAMARAJANAGAR,21624
KARNATAKA,RAMANAGARA,11610
KARNATAKA,UTTARAKANNADA,8301
KARNATAKA,DAKSHINAKANNADA,8069
KARNATAKA,UDUPI,6182
KARNATAKA,KODAGU,5533
KERALA,ERNAKULAM,29166
KERALA,KOZHIKODE,27200
KERALA,KANNUR,26405
KERALA,THRISSUR,25990
KERALA,PALAKKAD,18310
KERALA,MALAPPURAM,18163
KERALA,KOTTAYAM,17748
KERALA,TRIVANDRUM,17629
KERALA,ALAPPUZHA,15176
KERALA,KOLLAM,14459
KERALA,IDUKKI,14219
KERALA,KASARGOD,11159
KERALA,PATHANAMTHITTA,9394
KERALA,WAYANAD,8288
MADHYA PRADESH,SAGAR,254704
MADHYA PRADESH,RAJGARH,213571
MADHYA PRADESH,SHIVPURI,205165
MADHYA PRADESH,MANDSAUR,178624
MADHYA PRADESH,CHHINDWARA,175763
MADHYA PRADESH,UJJAIN,168529
MADHYA PRADESH,SHAJAPUR,146347
MADHYA PRADESH,TIKAMGARH,143913
MADHYA PRADESH,GUNA,143533
MADHYA PRADESH,CHHATARPUR,139196
MADHYA PRADESH,DEWAS,133528
MADHYA PRADESH,SEHORE,129374
MADHYA PRADESH,BETUL,124993
MADHYA PRADESH,EAST NIMAR,113615
MADHYA PRADESH,DAMOH,103497
MADHYA PRADESH,DATIA,101686
MADHYA PRADESH,NARSIMPUR,101654
MADHYA PRADESH,RAISEN,99316
MADHYA PRADESH,RATLAM,95225
MADHYA PRADESH,VIDISHA,88634
MADHYA PRADESH,INDORE,84048
MADHYA PRADESH,REWA,81961
MADHYA PRADESH,HOSHANGABAD,81752
MADHYA PRADESH,SEONI,73384
MADHYA PRADESH,JABALPUR,69384
MADHYA PRADESH,SATNA,67812
MADHYA PRADESH,NEEMUCH,64592
MADHYA PRADESH,DHAR,57395
MADHYA PRADESH,BHOPAL,53904
MADHYA PRADESH,MORENA,51412
MADHYA PRADESH,BALAGHAT,45343
MADHYA PRADESH,HARDA,44779
MADHYA PRADESH,PANNA,44437
MADHYA PRADESH,WEST NIMAR,44380
MADHYA PRADESH,GWALIOR,42399
MADHYA PRADESH,BHIND,38788
MADHYA PRADESH,AGAR,38238
MADHYA PRADESH,SHEOPUR KALA,37689
MADHYA PRADESH,KATNI,35999
MADHYA PRADESH,SHAHDOL,31181
MADHYA PRADESH,UMARIA,24377
MADHYA PRADESH,SIDHI,18762
MADHYA PRADESH,MANDLA,16601
MADHYA PRADESH,ANUPPUR,14161
MADHYA PRADESH,DINDORI,11568
MADHYA PRADESH,JHABUA,7786
MADHYA PRADESH,ASHOKNAGAR,4094
MADHYA PRADESH,SINGRAULI,690
MADHYA PRADESH,BARWANI,444
MADHYA PRADESH,BURHANPUR,406
MADHYA PRADESH,ALIRAJPUR,134
MAHARASHTRA,NANDED,342966
MAHARASHTRA,SOLAPUR,337435
MAHARASHTRA,AHMADNAGAR,332727
MAHARASHTRA,BULDANA,323427
MAHARASHTRA,NASIK,307878
MAHARASHTRA,YEVATMAL,269846
MAHARASHTRA,AURANGABAD,269592
MAHARASHTRA,JALNA,253015
MAHARASHTRA,PARBHANI,247970
MAHARASHTRA,BEED,230957
MAHARASHTRA,JALGAON,202718
MAHARASHTRA,AKOLA,190195
MAHARASHTRA,AMRAVATI,182907
MAHARASHTRA,HINGOLI,178875
MAHARASHTRA,LATUR,158283
MAHARASHTRA,PUNE,147333
MAHARASHTRA,SANGLI,105920
MAHARASHTRA,NAGPUR,91637
MAHARASHTRA,WASHIM,90232
MAHARASHTRA,SATARA,86715
MAHARASHTRA,DHULE,81780
MAHARASHTRA,KOLHAPUR,75239
MAHARASHTRA,WARDHA,69784
MAHARASHTRA,CHANDRAPUR,57241
MAHARASHTRA,OSMANABAD,51602
MAHARASHTRA,BHANDARA,32930
MAHARASHTRA,GONDIYA,18849
MAHARASHTRA,NANDURBAR,15108
MAHARASHTRA,GADCHIROLI,11923
MAHARASHTRA,THANE,11751
MAHARASHTRA,RATNAGIRI,6295
MAHARASHTRA,SINDHUDURG,5372
MAHARASHTRA,RAIGARH,5075
MAHARASHTRA,MUMBAI,4423
MAHARASHTRA,PALGHAR,1489
MAHARASHTRA,MUMBAI SUBURBAN,328
MANIPUR,IMPHAL WEST,3774
MANIPUR,THOUBAL,2527
MANIPUR,BISHNUPUR,2144
MANIPUR,IMPHAL EAST,2065
MANIPUR,SENAPATI,421
MANIPUR,CHANDEL,225
MANIPUR,CHURACHANDPUR,221
MANIPUR,UKHRUL,84
MANIPUR,TAMENGLONG,55
MEGHALAYA,EAST KHASI HILLS,1851
MEGHALAYA,EAST JAINTA HILLS,1664
MEGHALAYA,RI BHOI,815
MEGHALAYA,WEST GARO HILLS,783
MEGHALAYA,EAST GARO HILLS,576
MEGHALAYA,WEST KHASI HILLS,329
MEGHALAYA,SOUTH WEST GARO HILLS,168
MEGHALAYA,SOUTH GARO HILLS,95
MEGHALAYA,WEST JAINTIA HILLS,84
MEGHALAYA,SOUTH WEST KHASI HILLS,32
MEGHALAYA,NORTH GARO HILLS,19
MEGHALAYA,EAST JAINTIA HILLS,2
MIZORAM,AIZAWL,3836
MIZORAM,LAWNGTLAI,1055
MIZORAM,LUNGLEI,481
MIZORAM,MAMIT,127
MIZORAM,KOLASIB,82
MIZORAM,SERCCHIP,80
MIZORAM,CHAMPHAI,69
MIZORAM,SAIHA,34
NAGALAND,DIMAPUR,953
NAGALAND,MON,251
NAGALAND,KOHIMA,211
NAGALAND,KIPHRIE,200
NAGALAND,MOKOKCHUNG,197
NAGALAND,TUENSANG,151
NAGALAND,PHEK,110
NAGALAND,PEREN,95
NAGALAND,WOKHA,88
NAGALAND,ZUNHEBOTO,87
NAGALAND,LONGLENG,66
ODISHA,BARGARH,233931
ODISHA,BALANGIR,161385
ODISHA,BALASORE,111130
ODISHA,CUTTACK,108199
ODISHA,KALAHANDI,92571
ODISHA,PURI,91624
ODISHA,SONEPUR,90438
ODISHA,BHADRAK,79554
ODISHA,JAJAPUR,79209
ODISHA,KENDRAPARA,76088
ODISHA,GANJAM,68833
ODISHA,JAGATSINGHAPUR,56000
ODISHA,KHORDHA,49618
ODISHA,SAMBALPUR,47876
ODISHA,MAYURBHANJ,46052
ODISHA,DHENKANAL,37025
ODISHA,KEONJHAR,36283
ODISHA,BAUDH,32017
ODISHA,ANUGUL,26004
ODISHA,NAYAGARH,24334
ODISHA,SUNDARGARH,24017
ODISHA,JHARSUGUDA,18923
ODISHA,NAWAPARA,17447
ODISHA,NAWORANGPUR,16657
ODISHA,KORAPUT,15059
ODISHA,KANDHAMAL,8423
ODISHA,DEBAGARH,7639
ODISHA,RAYAGADA,7296
ODISHA,MALKANGIRI,4962
ODISHA,GAJAPATI,2723
PUDUCHERRY,PUDUCHERRY,10340
PUDUCHERRY,KARAIKAL,5328
PUDUCHERRY,MAHE,76
PUDUCHERRY,YANAM,14
PUNJAB,BHATINDA,366478
PUNJAB,SANGRUR,222837
PUNJAB,MANSA,217724
PUNJAB,PATIALA,185136
PUNJAB,GURDASPUR,175155
PUNJAB,MUKTSAR,161770
PUNJAB,FEROZPUR,137931
PUNJAB,AMRITSAR,137559
PUNJAB,TARN TARAN,126435
PUNJAB,HOSHIARPUR,120156
PUNJAB,LUDHIANA,117105
PUNJAB,MOGA,100110
PUNJAB,FARIDKOT,91774
PUNJAB,FAZILKA,87884
PUNJAB,JALANDHAR,83345
PUNJAB,BARNALA,80366
PUNJAB,FATEHGARH SAHIB,71119
PUNJAB,KAPURTHALA,46486
PUNJAB,RUPNAGAR,37743
PUNJAB,SHAHID BHAGAT SINGH NAGAR NAWANSHAHR,35526
PUNJAB,SAHIBZADA AJIT SINGH NAGAR,34496
PUNJAB,PATHANKOT,33511
PUNJAB,SHAHID BHAGAT SINGH NAGAR (NAWANSHAHR),748
RAJASTHAN,HANUMANGARH,447527
RAJASTHAN,BARMER,433302
RAJASTHAN,NAGAUR,386591
RAJASTHAN,CHURU,361023
RAJASTHAN,JODHPUR,343692
RAJASTHAN,JAIPUR,305191
RAJASTHAN,GANGANAGAR,247554
RAJASTHAN,BHARATPUR,227884
RAJASTHAN,JHALAWAR,201014
RAJASTHAN,JAISALMER,197146
RAJASTHAN,SIKAR,185311
RAJASTHAN,JHUNJHUNU,183069
RAJASTHAN,BIKANER,180606
RAJASTHAN,ALWAR,152860
RAJASTHAN,JALOR,150333
RAJASTHAN,CHITTAURGARH,136474
RAJASTHAN,DAUSA,121409
RAJASTHAN,BHILWARA,114054
RAJASTHAN,SAWAI MADHOPUR,109148
RAJASTHAN,AJMER,101121
RAJASTHAN,TONK,99756
RAJASTHAN,PALI,95618
RAJASTHAN,BARAN,92906
RAJASTHAN,KOTA,77385
RAJASTHAN,BUNDI,72884
RAJASTHAN,KARAULI,69314
RAJASTHAN,DHAULPUR,54385
RAJASTHAN,UDAIPUR,42099
RAJASTHAN,PRATAPGARH,39766
RAJASTHAN,RAJSAMAND,26918
RAJASTHAN,BANSWARA,21853
RAJASTHAN,SIROHI,20922
RAJASTHAN,DUNGARPUR,7663
SIKKIM,EAST DISTRICT,1535
SIKKIM,WEST DISTRICT,1321
SIKKIM,SOUTH DISTRICT,831
SIKKIM,NORTH DISTRICT,465
SIKKIM,GYALSHING,16
SIKKIM,GANGTOK,13
SIKKIM,MANGAN,10
SIKKIM,NAMCHI,9
TAMILNADU,TIRUVANNAMALAI,213448
TAMILNADU,VILLUPPURAM,116039
TAMILNADU,ERODE,114162
TAMILNADU,SALEM,100134
TAMILNADU,COIMBATORE,97877
TAMILNADU,THANJAVUR,96127
TAMILNADU,VELLORE,95267
TAMILNADU,TIRUCHIRAPPALLI,90302
TAMILNADU,CUDDALORE,80909
TAMILNADU,DHARMAPURI,68292
TAMILNADU,TIRUNELVELI,65708
TAMILNADU,NAGAPATTINAM,64122
TAMILNADU,KANCHEEPURAM,63043
TAMILNADU,TIRUPUR,63016
TAMILNADU,PERAMBALUR,60741
TAMILNADU,DINDIGUL,55946
TAMILNADU,THIRUVALLUR,54954
TAMILNADU,NAMAKKAL,49903
TAMILNADU,THIRUVARUR,45084
TAMILNADU,PUDUKKOTTAI,43513
TAMILNADU,ARIYALUR,41216
TAMILNADU,MADURAI,40959
TAMILNADU,KRISHNAGIRI,34497
TAMILNADU,KARUR,33589
TAMILNADU,VIRUDHUNAGAR,33534
TAMILNADU,THOOTHUKUDI,32992
TAMILNADU,SIVAGANGA,14849
TAMILNADU,KALLAKURICHI,14277
TAMILNADU,RAMANATHAPURAM,13194
TAMILNADU,KANNIYA KUMARI,11910
TAMILNADU,CHENGALPATTU,11368
TAMILNADU,THENI,11297
TAMILNADU,RANIPET,9787
TAMILNADU,MAYILADUTHURAI,9640
TAMILNADU,CHENNAIMADRAS,5837
TAMILNADU,TIRUPATTUR,5792
TAMILNADU,THE NILGIRIS,4912
TAMILNADU,CHENNAI(MADRAS),1780
TAMILNADU,TENKASI,1277
TELANGANA,KAMAREDDY,32284
TELANGANA,MAHABUBABAD,28566
TELANGANA,WARANGAL RURAL,27015
TELANGANA,JAYASHANKAR BHUPALAPALLY,25194
TELANGANA,NIRMAL,25102
TELANGANA,PEDDAPALLI,17211
TELANGANA,SURYAPET,15752
TELANGANA,JOGULAMBA GADWAL,15548
TELANGANA,SIDDIPET,14696
TELANGANA,NAGARKURNOOL,14394
TELANGANA,BHADRADRI KOTHAGUDEM,13826
TELANGANA,JANGAON,13260
TELANGANA,SANGAREDDY,12055
TELANGANA,VIKARABAD,9852
TELANGANA,JAGTIAL,8051
TELANGANA,WANAPARTHY,7364
TELANGANA,MANCHERIAL,6907
TELANGANA,YADADRI BHUVANAGIRI,6107
TELANGANA,RAJANNA SIRCILLA,5040
TELANGANA,KUMARAMBHEEM ASIFABAD,4249
TELANGANA,RANGAREDDY,2045
TELANGANA,NALGONDA,1919
TELANGANA,KHAMMAM,1549
TELANGANA,MEDCHALMALKAJGIRI,1429
TELANGANA,NIZAMABAD,1337
TELANGANA,ADILABAD,1230
TELANGANA,WARANGAL,1224
TELANGANA,MAHABOOBNAGAR,1221
TELANGANA,KARIMNAGAR,1122
TELANGANA,MEDAK,919
TELANGANA,MEDCHAL–MALKAJGIRI,231
TELANGANA,HYDERABAD,185
TRIPURA,WEST TRIPURA,17948
TRIPURA,SOUTH TRIPURA,8507
TRIPURA,NORTH TRIPURA,3902
TRIPURA,SEPAHIJELA,3667
TRIPURA,DHALAI,2340
TRIPURA,GOMATI,2116
TRIPURA,KHOWAI,1446
TRIPURA,UNAKOTI,490
UTTAR PRADESH,BAREILLY,247713
UTTAR PRADESH,SITAPUR,247354
UTTAR PRADESH,BADAUN,215897
UTTAR PRADESH,ALIGARH,199051
UTTAR PRADESH,LALITPUR,198627
UTTAR PRADESH,KHERI,185389
UTTAR PRADESH,JAUNPUR,176322
UTTAR PRADESH,SHAHJAHANPUR,173852
UTTAR PRADESH,ALLAHABAD,173367
UTTAR PRADESH,ETAH,168150
UTTAR PRADESH,BARABANKI,167942
UTTAR PRADESH,KANPUR DEHAT,161689
UTTAR PRADESH,JHANSI,160340
UTTAR PRADESH,SAHARANPUR,158146
UTTAR PRADESH,GONDA,155028
UTTAR PRADESH,FAIZABAD,147847
UTTAR PRADESH,GHAZIPUR,147238
UTTAR PRADESH,MATHURA,137018
UTTAR PRADESH,AZAMGARH,135332
UTTAR PRADESH,MIRZAPUR,131434
UTTAR PRADESH,SULTANPUR,129926
UTTAR PRADESH,JALAUN,125516
UTTAR PRADESH,AMBEDKAR NAGAR,122896
UTTAR PRADESH,MAINPURI,121225
UTTAR PRADESH,FATEHPUR,118595
UTTAR PRADESH,UNNAO,116949
UTTAR PRADESH,BULANDSHAHAR,116490
UTTAR PRADESH,BAHRAICH,115782
UTTAR PRADESH,RAEBARELI,104121
UTTAR PRADESH,RAMPUR,102914
UTTAR PRADESH,MUZAFFARNAGAR,102561
UTTAR PRADESH,CHANDAULI,101667
UTTAR PRADESH,FARRUKHABAD,101298
UTTAR PRADESH,PILIBHIT,100620
UTTAR PRADESH,HARDOI,100334
UTTAR PRADESH,BASTI,100269
UTTAR PRADESH,BIJNOR,90167
UTTAR PRADESH,GORAKHPUR,89874
UTTAR PRADESH,KANSHIRAM NAGAR,87810
UTTAR PRADESH,HAMIRPUR,86818
UTTAR PRADESH,FIROZABAD,85949
UTTAR PRADESH,HATHRAS,85698
UTTAR PRADESH,SONBHADRA,82027
UTTAR PRADESH,KUSHI NAGAR,81712
UTTAR PRADESH,KANPUR CITY,80249
UTTAR PRADESH,ETAWAH,78918
UTTAR PRADESH,BALLIA,78877
UTTAR PRADESH,MEERUT,77913
UTTAR PRADESH,DEORIA,76608
UTTAR PRADESH,AURAIYA,76285
UTTAR PRADESH,MAHARAHGANJ,72208
UTTAR PRADESH,PRATAPGARH,72172
UTTAR PRADESH,SAMBAL BHIM NAGAR,69842
UTTAR PRADESH,LUCKNOW,66705
UTTAR PRADESH,AGRA,66052
UTTAR PRADESH,VARANASI,65162
UTTAR PRADESH,MORADABAD,64750
UTTAR PRADESH,KANNAUJ,63308
UTTAR PRADESH,BANDA,62242
UTTAR PRADESH,MAHOBA,61879
UTTAR PRADESH,AMETHI  SHAHU JI MAHARAJ,60844
UTTAR PRADESH,KAUSHAMBI,49199
UTTAR PRADESH,MAU,47453
UTTAR PRADESH,SIDDHARTH NAGAR,41476
UTTAR PRADESH,BALRAMPUR,40001
UTTAR PRADESH,SANT RAVIDAS NAGAR BHADOHI,39458
UTTAR PRADESH,JYOTIBA PHULE NAGAR,39098
UTTAR PRADESH,CHITRAKOOT,38316
UTTAR PRADESH,SANT KABIR NAGAR,36619
UTTAR PRADESH,GAUTAM BUDDHA NAGAR,35576
UTTAR PRADESH,SHIVASTI,34466
UTTAR PRADESH,GHAZIABAD,28198
UTTAR PRADESH,BAGHPAT,26339
UTTAR PRADESH,SHAMLI PRABUDH NAGER,22688
UTTAR PRADESH,HAPUR PANCHSHEEL NAGAR,20337
UTTAR PRADESH,SAMBAL (BHIM NAGAR),4066
UTTAR PRADESH,AMROHA,3659
UTTAR PRADESH,AMETHI ( SHAHU JI MAHARAJ),2993
UTTAR PRADESH,SHAMLI (PRABUDH NAGER),1787
UTTAR PRADESH,HAPUR (PANCHSHEEL NAGAR),1730
UTTARAKHAND,HARIDWAR,79709
UTTARAKHAND,NAINITAL,46992
UTTARAKHAND,UDHAM SINGH NAGAR,43927
UTTARAKHAND,DEHRADUN,26814
UTTARAKHAND,ALMORA,20031
UTTARAKHAND,BAGESHWAR,14884
UTTARAKHAND,PITHORAGARH,12490
UTTARAKHAND,CHAMPAWAT,12151
UTTARAKHAND,TEHRI GARWAL,10323
UTTARAKHAND,CHAMOLI,9241
UTTARAKHAND,PAURI GARHWAL,6336
UTTARAKHAND,UTTARKASHI,4554
UTTARAKHAND,RUDRAPRAYAG,4466
WEST BENGAL,BARDDHAMAN,170479
WEST BENGAL,MURSHIDABAD,126714
WEST BENGAL,BANKURA,124714
WEST BENGAL,WEST MEDINIPUR,108921
WEST BENGAL,HOOGHLY,103360
WEST BENGAL,NADIA,98676
WEST BENGAL,BIRBHUM,89476
WEST BENGAL,SOUTH 24 PARGANAS,66780
WEST BENGAL,EAST MEDINIPUR,61217
WEST BENGAL,MALDAH,55118
WEST BENGAL,NORTH 24 PARGANAS,50841
WEST BENGAL,COOCH BIHAR,34198
WEST BENGAL,SOUTH DINAJPUR,29273
WEST BENGAL,NORTH DINAJPUR,26116
WEST BENGAL,PURULIA,22904
WEST BENGAL,HOWRAH,20216
WEST BENGAL,JALPAIGURI,19422
WEST BENGAL,ALIPURDUAR,7021
WEST BENGAL,DARJEELING,4698
WEST BENGAL,KOLKATTA,2939
